[{"model": "UrbsFrontend.challenge", "pk": 3, "fields": {"name": "BracesMatch", "description": "Nothing should be left open. Please, close all.", "index": 2, "params": 0, "is_jail": false}}, {"model": "UrbsFrontend.challenge", "pk": 4, "fields": {"name": "DesreverSort", "description": "Dr Desrever wants to sort these words so that last letters are sorted. e.g. 'start' is after 'end' since 't' is after 'd' e.g. 'tonight' is after 'highlight' since 'thgin' is after 'thgil'", "index": 11, "params": 0, "is_jail": false}}, {"model": "UrbsFrontend.challenge", "pk": 5, "fields": {"name": "Difference", "description": "The difference is the key. e.g. ru: 00; rv: 00", "index": 15, "params": 0, "is_jail": false}}, {"model": "UrbsFrontend.challenge", "pk": 6, "fields": {"name": "DifferenceEviler", "description": "The difference is the key but one of these values is bad, which one ? e.g. u: 47583;v: 64829", "index": 16, "params": 0, "is_jail": false}}, {"model": "UrbsFrontend.challenge", "pk": 7, "fields": {"name": "DifferenceUnknown", "description": "One of these values is bad, which one? e.g. 42", "index": 16, "params": 0, "is_jail": false}}, {"model": "UrbsFrontend.challenge", "pk": 8, "fields": {"name": "JustHexa", "description": "Please translate what is inside quotes into hexadecimal notation (using ASCII table, two digit with uppercase letters) e.g. This is \"a\" sentence with some \"quoted\" text => 6171756F746564", "index": 12, "params": 0, "is_jail": false}}, {"model": "UrbsFrontend.challenge", "pk": 9, "fields": {"name": "JustHexaEvil", "description": "Please translate what is inside quotes into hexadecimal notation (using ASCII table, two digit with uppercase letters) e.g. This is \"a\" sentence with some \"quoted\" text => 6171756F746564", "index": 13, "params": 0, "is_jail": false}}, {"model": "UrbsFrontend.challenge", "pk": 10, "fields": {"name": "LostInMaze", "description": "robot is lost in a radioactive complex. It undestands cardinal directions: n (for noth), s (for south), e (for east) and w (for west) When it would hit a wall it stays in place, silently. Also, when it is out of the complex, it cannot enter again.", "index": 6, "params": 0, "is_jail": false}}, {"model": "UrbsFrontend.challenge", "pk": 11, "fields": {"name": "MrReverse", "description": "Mr Esrever like to read his poems in reverse. Please, translate.", "index": 3, "params": 0, "is_jail": false}}, {"model": "UrbsFrontend.challenge", "pk": 12, "fields": {"name": "RomanProblems", "description": "Please, help Nero's scribe. He's bad at computing.", "index": 5, "params": 0, "is_jail": false}}, {"model": "UrbsFrontend.challenge", "pk": 13, "fields": {"name": "ThreeBigs", "description": "Find all one lowercase surronded by exactly three uppercase and write them packed.", "index": 9, "params": 0, "is_jail": false}}, {"model": "UrbsFrontend.challenge", "pk": 14, "fields": {"name": "ThreeBigsEviler", "description": "Find all one lowercase surronded by exactly three uppercase and write them packed.", "index": 10, "params": 0, "is_jail": false}}, {"model": "UrbsFrontend.challenge", "pk": 15, "fields": {"name": "TinyOverflow", "description": "A simple multiplication. Just give the right answer.", "index": 4, "params": 0, "is_jail": false}}, {"model": "UrbsFrontend.challenge", "pk": 16, "fields": {"name": "TokenByPairs", "description": "Delete the pairs to find the unmatched word.", "index": 7, "params": 0, "is_jail": false}}, {"model": "UrbsFrontend.challenge", "pk": 17, "fields": {"name": "Welcome", "description": "Welcome in the game.", "index": 0, "params": 0, "is_jail": false}}, {"model": "UrbsFrontend.challenge", "pk": 18, "fields": {"name": "WhiteRabbitEasy", "description": "", "index": 17, "params": 0, "is_jail": false}}, {"model": "UrbsFrontend.challenge", "pk": 19, "fields": {"name": "WhiteRabbitLinear", "description": "", "index": 18, "params": 0, "is_jail": false}}, {"model": "UrbsFrontend.challenge", "pk": 20, "fields": {"name": "SimpleOps", "description": "", "index": 19, "params": 0, "is_jail": false}}, {"model": "UrbsFrontend.challenge", "pk": 22, "fields": {"name": "SimpleFromStorage RotateAscii", "description": "", "index": 21, "params": 0, "is_jail": false}}, {"model": "UrbsFrontend.challenge", "pk": 23, "fields": {"name": "Pong", "description": "", "index": 26, "params": 0, "is_jail": false}}, {"model": "UrbsFrontend.challenge", "pk": 24, "fields": {"name": "Trap", "description": "", "index": 27, "params": 0, "is_jail": false}}, {"model": "UrbsFrontend.challenge", "pk": 25, "fields": {"name": "Simon", "description": "Simon Says", "index": 23, "params": 0, "is_jail": false}}, {"model": "UrbsFrontend.challenge", "pk": 26, "fields": {"name": "TathamFilling", "description": "", "index": 20, "params": 0, "is_jail": false}}, {"model": "UrbsFrontend.challenge", "pk": 27, "fields": {"name": "MissingShadesOfGray", "description": "", "index": 24, "params": 0, "is_jail": false}}, {"model": "UrbsFrontend.challenge", "pk": 28, "fields": {"name": "SudXtrem", "description": "", "index": 22, "params": 0, "is_jail": false}}, {"model": "UrbsFrontend.challenge", "pk": 29, "fields": {"name": "dearcowtummy", "description": "", "index": 14, "params": 0, "is_jail": false}}, {"model": "UrbsFrontend.step", "pk": 6, "fields": {"index": 4, "challenge": 20, "animation": 14, "is_jail": false, "jails": [11, 4, 3, 25]}}, {"model": "UrbsFrontend.step", "pk": 8, "fields": {"index": 1, "challenge": 11, "animation": 8, "is_jail": false, "jails": [25]}}, {"model": "UrbsFrontend.step", "pk": 9, "fields": {"index": 2, "challenge": 4, "animation": 19, "is_jail": false, "jails": [11, 25]}}, {"model": "UrbsFrontend.step", "pk": 10, "fields": {"index": 3, "challenge": 3, "animation": 18, "is_jail": false, "jails": [11, 4, 25]}}, {"model": "UrbsFrontend.step", "pk": 11, "fields": {"index": 0, "challenge": 25, "animation": 6, "is_jail": false, "jails": []}}, {"model": "UrbsFrontend.step", "pk": 12, "fields": {"index": 5, "challenge": 26, "animation": 16, "is_jail": false, "jails": [11, 4, 3, 25]}}, {"model": "UrbsFrontend.step", "pk": 13, "fields": {"index": 6, "challenge": 15, "animation": 8, "is_jail": false, "jails": [3, 4, 8, 11, 25]}}, {"model": "UrbsFrontend.step", "pk": 14, "fields": {"index": 7, "challenge": 16, "animation": 9, "is_jail": false, "jails": [3, 4, 8, 11, 15, 25]}}, {"model": "UrbsFrontend.step", "pk": 15, "fields": {"index": 8, "challenge": 13, "animation": 17, "is_jail": false, "jails": [3, 4, 8, 11, 15, 16, 25]}}, {"model": "UrbsFrontend.step", "pk": 16, "fields": {"index": 9, "challenge": 14, "animation": 20, "is_jail": false, "jails": [3, 4, 8, 11, 13, 15, 25, 16]}}, {"model": "UrbsFrontend.step", "pk": 17, "fields": {"index": 10, "challenge": 10, "animation": 12, "is_jail": false, "jails": [3, 4, 8, 11, 13, 14, 15, 16, 25]}}, {"model": "UrbsFrontend.step", "pk": 18, "fields": {"index": 11, "challenge": 23, "animation": 13, "is_jail": false, "jails": [3, 4, 8, 11, 12, 13, 14, 15, 16, 25]}}, {"model": "UrbsFrontend.step", "pk": 19, "fields": {"index": 12, "challenge": 12, "animation": 16, "is_jail": false, "jails": [3, 4, 8, 11, 12, 13, 14, 15, 16, 25]}}, {"model": "UrbsFrontend.step", "pk": 20, "fields": {"index": 13, "challenge": 27, "animation": 21, "is_jail": false, "jails": [3, 4, 10, 11, 12, 13, 14, 15, 16, 25, 26]}}, {"model": "UrbsFrontend.step", "pk": 21, "fields": {"index": 14, "challenge": 18, "animation": 17, "is_jail": false, "jails": [3, 4, 10, 11, 12, 13, 14, 15, 16, 25, 26]}}, {"model": "UrbsFrontend.step", "pk": 22, "fields": {"index": 15, "challenge": 19, "animation": 20, "is_jail": false, "jails": [3, 4, 10, 11, 12, 13, 14, 15, 16, 18, 25, 26]}}, {"model": "UrbsFrontend.step", "pk": 23, "fields": {"index": 16, "challenge": 29, "animation": 10, "is_jail": false, "jails": [14, 16, 13, 12, 11, 10, 4, 3, 15, 18, 19, 25, 26]}}, {"model": "UrbsFrontend.step", "pk": 24, "fields": {"index": 17, "challenge": 9, "animation": 19, "is_jail": false, "jails": [14, 16, 13, 11, 10, 4, 3, 15, 18, 19, 25, 26, 29]}}, {"model": "UrbsFrontend.animation", "pk": 1, "fields": {"name": "Cabrille", "index": 0, "params": 0}}, {"model": "UrbsFrontend.animation", "pk": 2, "fields": {"name": "TicTac", "index": 0, "params": 0}}, {"model": "UrbsFrontend.animation", "pk": 3, "fields": {"name": "Morse SOS", "index": 1, "params": 0}}, {"model": "UrbsFrontend.animation", "pk": 4, "fields": {"name": "Morse WE ARE HACKERS", "index": 2, "params": 0}}, {"model": "UrbsFrontend.animation", "pk": 5, "fields": {"name": "Morse 004032 LAIRES BSU", "index": 3, "params": 0}}, {"model": "UrbsFrontend.animation", "pk": 6, "fields": {"name": "RandomTicking", "index": 41, "params": 0}}, {"model": "UrbsFrontend.animation", "pk": 7, "fields": {"name": "Fiesta (1,3)", "index": 42, "params": 0}}, {"model": "UrbsFrontend.animation", "pk": 8, "fields": {"name": "Alea", "index": 43, "params": 0}}, {"model": "UrbsFrontend.animation", "pk": 9, "fields": {"name": "DeathStar", "index": 44, "params": 0}}, {"model": "UrbsFrontend.animation", "pk": 10, "fields": {"name": "Rings", "index": 45, "params": 0}}, {"model": "UrbsFrontend.animation", "pk": 11, "fields": {"name": "Hangman", "index": 46, "params": 0}}, {"model": "UrbsFrontend.animation", "pk": 12, "fields": {"name": "Storm", "index": 47, "params": 0}}, {"model": "UrbsFrontend.animation", "pk": 13, "fields": {"name": "LightStorm", "index": 48, "params": 0}}, {"model": "UrbsFrontend.animation", "pk": 14, "fields": {"name": "HorizontalChase", "index": 49, "params": 0}}, {"model": "UrbsFrontend.animation", "pk": 15, "fields": {"name": "VerticalChase", "index": 50, "params": 0}}, {"model": "UrbsFrontend.animation", "pk": 16, "fields": {"name": "Fiesta (4,1)", "index": 51, "params": 0}}, {"model": "UrbsFrontend.animation", "pk": 17, "fields": {"name": "LockChase", "index": 52, "params": 0}}, {"model": "UrbsFrontend.animation", "pk": 18, "fields": {"name": "ProgressiveHorizontalChase", "index": 53, "params": 0}}, {"model": "UrbsFrontend.animation", "pk": 19, "fields": {"name": "ProgressiveVerticalChase", "index": 54, "params": 0}}, {"model": "UrbsFrontend.animation", "pk": 20, "fields": {"name": "ProgressiveLockChase", "index": 55, "params": 0}}, {"model": "UrbsFrontend.animation", "pk": 21, "fields": {"name": "Gray", "index": 56, "params": 0}}, {"model": "UrbsFrontend.animation", "pk": 22, "fields": {"name": "SimonsSays", "index": 0, "params": 0}}]